"","Category","Gene.x","Gene name","KO","UniProt","EC","Nom","Genome","Gene.y"
"1","Transportation","fadL","Long-chain fatty acid transport protein","K06076","P10384",NA,"68A.faa_CFCFEACO_04177","68A","CFCFEACO_04177"
"2","Transportation","fadL","Long-chain fatty acid transport protein","K06076","P10384",NA,"66.faa_OFEJJJJC_04573","66","OFEJJJJC_04573"
"3","Transportation","fadL","Long-chain fatty acid transport protein","K06076","P10384",NA,"65.faa_NEIKCOOD_03839","65","NEIKCOOD_03839"
"4","Transportation","ompW","Outer membrane protein W","K07275","P0A915",NA,"68A.faa_CFCFEACO_03589","68A","CFCFEACO_03589"
"5","Transportation","ompW","Outer membrane protein W","K07275","P0A915",NA,"66.faa_OFEJJJJC_05160","66","OFEJJJJC_05160"
"6","Transportation","ompW","Outer membrane protein W","K07275","P0A915",NA,"65.faa_NEIKCOOD_03256","65","NEIKCOOD_03256"
"7","Transportation","pcaK","MFS transporter, AAHS family, 4-hydroxybenzoate transporter","K08195","Q9I6Q3",NA,"L4.faa_CAEEAPJI_04988","L4","CAEEAPJI_04988"
"8","Transportation","mlaB","Phospholipid transport system transporter-binding protein","K07122","P64602",NA,"68A.faa_CFCFEACO_00686","68A","CFCFEACO_00686"
"9","Transportation","mlaB","Phospholipid transport system transporter-binding protein","K07122","P64602",NA,"66.faa_OFEJJJJC_03813","66","OFEJJJJC_03813"
"10","Transportation","mlaB","Phospholipid transport system transporter-binding protein","K07122","P64602",NA,"65.faa_NEIKCOOD_04596","65","NEIKCOOD_04596"
"11","Transportation","mlaD","Intermembrane phospholipid transport system binding protein","K02067","P64604",NA,"68A.faa_CFCFEACO_00688","68A","CFCFEACO_00688"
"12","Transportation","mlaD","Intermembrane phospholipid transport system binding protein","K02067","P64604",NA,"66.faa_OFEJJJJC_03811","66","OFEJJJJC_03811"
"13","Transportation","mlaD","Intermembrane phospholipid transport system binding protein","K02067","P64604",NA,"65.faa_NEIKCOOD_04598","65","NEIKCOOD_04598"
"14","Transportation","mlaE","Intermembrane phospholipid transport system, integral membrane subunit MlaE","K02066","P64606",NA,"68A.faa_CFCFEACO_00689","68A","CFCFEACO_00689"
"15","Transportation","mlaE","Intermembrane phospholipid transport system, integral membrane subunit MlaE","K02066","P64606",NA,"66.faa_OFEJJJJC_03810","66","OFEJJJJC_03810"
"16","Transportation","mlaE","Intermembrane phospholipid transport system, integral membrane subunit MlaE","K02066","P64606",NA,"65.faa_NEIKCOOD_04599","65","NEIKCOOD_04599"
"17","Transportation","mlaF","Intermembrane phospholipid transport system, ATP binding subunit MlaF","K02065","P63386",NA,"68A.faa_CFCFEACO_00690","68A","CFCFEACO_00690"
"18","Transportation","mlaF","Intermembrane phospholipid transport system, ATP binding subunit MlaF","K02065","P63386",NA,"66.faa_OFEJJJJC_03809","66","OFEJJJJC_03809"
"19","Transportation","mlaF","Intermembrane phospholipid transport system, ATP binding subunit MlaF","K02065","P63386",NA,"65.faa_NEIKCOOD_04600","65","NEIKCOOD_04600"
"20","Transportation","mlaF","Intermembrane phospholipid transport system, ATP binding subunit MlaF","K02065","P63386",NA,"L4.faa_CAEEAPJI_05018","L4","CAEEAPJI_05018"
"21","Transportation","mlaF","Intermembrane phospholipid transport system, ATP binding subunit MlaF","K02065","P63386",NA,"L4.faa_CAEEAPJI_04449","L4","CAEEAPJI_04449"
"22","Transportation","mlaF","Intermembrane phospholipid transport system, ATP binding subunit MlaF","K02065","P63386",NA,"L4.faa_CAEEAPJI_03954","L4","CAEEAPJI_03954"
"23","Transportation","mlaF","Intermembrane phospholipid transport system, ATP binding subunit MlaF","K02065","P63386",NA,"L3.faa_NKBGEMCE_02420","L3","NKBGEMCE_02420"
"24","Transportation","mlaF","Intermembrane phospholipid transport system, ATP binding subunit MlaF","K02065","P63386",NA,"68A.faa_CFCFEACO_00183","68A","CFCFEACO_00183"
"25","Transportation","mlaF","Intermembrane phospholipid transport system, ATP binding subunit MlaF","K02065","P63386",NA,"66.faa_OFEJJJJC_04320","66","OFEJJJJC_04320"
"26","Transportation","mlaF","Intermembrane phospholipid transport system, ATP binding subunit MlaF","K02065","P63386",NA,"65.faa_NEIKCOOD_04091","65","NEIKCOOD_04091"
"27","Transportation","mlaF","Intermembrane phospholipid transport system, ATP binding subunit MlaF","K02065","P63386",NA,"68A.faa_CFCFEACO_04215","68A","CFCFEACO_04215"
"28","Transportation","mlaF","Intermembrane phospholipid transport system, ATP binding subunit MlaF","K02065","P63386",NA,"66.faa_OFEJJJJC_04535","66","OFEJJJJC_04535"
"29","Transportation","mlaF","Intermembrane phospholipid transport system, ATP binding subunit MlaF","K02065","P63386",NA,"65.faa_NEIKCOOD_03877","65","NEIKCOOD_03877"
"30","Transportation","mlaF","Intermembrane phospholipid transport system, ATP binding subunit MlaF","K02065","P63386",NA,"68A.faa_CFCFEACO_02134","68A","CFCFEACO_02134"
"31","Transportation","mlaF","Intermembrane phospholipid transport system, ATP binding subunit MlaF","K02065","P63386",NA,"66.faa_OFEJJJJC_06625","66","OFEJJJJC_06625"
"32","Transportation","mlaF","Intermembrane phospholipid transport system, ATP binding subunit MlaF","K02065","P63386",NA,"65.faa_NEIKCOOD_01799","65","NEIKCOOD_01799"
"33","Transportation","mlaF","Intermembrane phospholipid transport system, ATP binding subunit MlaF","K02065","P63386",NA,"66.faa_OFEJJJJC_02269","66","OFEJJJJC_02269"
"34","Transportation","mlaF","Intermembrane phospholipid transport system, ATP binding subunit MlaF","K02065","P63386",NA,"L4.faa_CAEEAPJI_00571","L4","CAEEAPJI_00571"
"35","Transportation","mlaF","Intermembrane phospholipid transport system, ATP binding subunit MlaF","K02065","P63386",NA,"66.faa_OFEJJJJC_09791","66","OFEJJJJC_09791"
"36","Transportation","mlaF","Intermembrane phospholipid transport system, ATP binding subunit MlaF","K02065","P63386",NA,"68A.faa_CFCFEACO_03128","68A","CFCFEACO_03128"
"37","Transportation","mlaF","Intermembrane phospholipid transport system, ATP binding subunit MlaF","K02065","P63386",NA,"66.faa_OFEJJJJC_05622","66","OFEJJJJC_05622"
"38","Transportation","mlaF","Intermembrane phospholipid transport system, ATP binding subunit MlaF","K02065","P63386",NA,"65.faa_NEIKCOOD_02796","65","NEIKCOOD_02796"
"39","Transportation","mlaF","Intermembrane phospholipid transport system, ATP binding subunit MlaF","K02065","P63386",NA,"65.faa_NEIKCOOD_07701","65","NEIKCOOD_07701"
"40","Transportation","mlaF","Intermembrane phospholipid transport system, ATP binding subunit MlaF","K02065","P63386",NA,"L4.faa_CAEEAPJI_04344","L4","CAEEAPJI_04344"
"41","Transportation","mlaF","Intermembrane phospholipid transport system, ATP binding subunit MlaF","K02065","P63386",NA,"65.faa_NEIKCOOD_07650","65","NEIKCOOD_07650"
"42","Transportation","mlaF","Intermembrane phospholipid transport system, ATP binding subunit MlaF","K02065","P63386",NA,"66.faa_OFEJJJJC_07829","66","OFEJJJJC_07829"
"43","Transportation","mlaF","Intermembrane phospholipid transport system, ATP binding subunit MlaF","K02065","P63386",NA,"L4.faa_CAEEAPJI_03594","L4","CAEEAPJI_03594"
"44","Transportation","mlaF","Intermembrane phospholipid transport system, ATP binding subunit MlaF","K02065","P63386",NA,"66.faa_OFEJJJJC_10135","66","OFEJJJJC_10135"
"45","Transportation","mlaF","Intermembrane phospholipid transport system, ATP binding subunit MlaF","K02065","P63386",NA,"65.faa_NEIKCOOD_00581","65","NEIKCOOD_00581"
"46","Transportation","mlaF","Intermembrane phospholipid transport system, ATP binding subunit MlaF","K02065","P63386",NA,"L4.faa_CAEEAPJI_05109","L4","CAEEAPJI_05109"
"47","Transportation","mlaF","Intermembrane phospholipid transport system, ATP binding subunit MlaF","K02065","P63386",NA,"L4.faa_CAEEAPJI_05123","L4","CAEEAPJI_05123"
"48","Transportation","mlaF","Intermembrane phospholipid transport system, ATP binding subunit MlaF","K02065","P63386",NA,"68A.faa_CFCFEACO_03471","68A","CFCFEACO_03471"
"49","Transportation","mlaF","Intermembrane phospholipid transport system, ATP binding subunit MlaF","K02065","P63386",NA,"66.faa_OFEJJJJC_05279","66","OFEJJJJC_05279"
"50","Transportation","mlaF","Intermembrane phospholipid transport system, ATP binding subunit MlaF","K02065","P63386",NA,"65.faa_NEIKCOOD_03140","65","NEIKCOOD_03140"
"51","Transportation","mlaF","Intermembrane phospholipid transport system, ATP binding subunit MlaF","K02065","P63386",NA,"68A.faa_CFCFEACO_02064","68A","CFCFEACO_02064"
"52","Transportation","mlaF","Intermembrane phospholipid transport system, ATP binding subunit MlaF","K02065","P63386",NA,"66.faa_OFEJJJJC_06698","66","OFEJJJJC_06698"
"53","Transportation","mlaF","Intermembrane phospholipid transport system, ATP binding subunit MlaF","K02065","P63386",NA,"65.faa_NEIKCOOD_05969","65","NEIKCOOD_05969"
"54","Transportation","mlaF","Intermembrane phospholipid transport system, ATP binding subunit MlaF","K02065","P63386",NA,"L4.faa_CAEEAPJI_05145","L4","CAEEAPJI_05145"
"55","Transportation","mlaF","Intermembrane phospholipid transport system, ATP binding subunit MlaF","K02065","P63386",NA,"68A.faa_CFCFEACO_02640","68A","CFCFEACO_02640"
"56","Transportation","mlaF","Intermembrane phospholipid transport system, ATP binding subunit MlaF","K02065","P63386",NA,"66.faa_OFEJJJJC_06120","66","OFEJJJJC_06120"
"57","Transportation","mlaF","Intermembrane phospholipid transport system, ATP binding subunit MlaF","K02065","P63386",NA,"65.faa_NEIKCOOD_02304","65","NEIKCOOD_02304"
"58","Transportation","mlaF","Intermembrane phospholipid transport system, ATP binding subunit MlaF","K02065","P63386",NA,"65.faa_NEIKCOOD_01037","65","NEIKCOOD_01037"
"59","Transportation","mlaF","Intermembrane phospholipid transport system, ATP binding subunit MlaF","K02065","P63386",NA,"68A.faa_CFCFEACO_03122","68A","CFCFEACO_03122"
"60","Transportation","mlaF","Intermembrane phospholipid transport system, ATP binding subunit MlaF","K02065","P63386",NA,"66.faa_OFEJJJJC_05628","66","OFEJJJJC_05628"
"61","Transportation","mlaF","Intermembrane phospholipid transport system, ATP binding subunit MlaF","K02065","P63386",NA,"65.faa_NEIKCOOD_02790","65","NEIKCOOD_02790"
"62","Transportation","mlaF","Intermembrane phospholipid transport system, ATP binding subunit MlaF","K02065","P63386",NA,"L4.faa_CAEEAPJI_01029","L4","CAEEAPJI_01029"
"63","Transportation","mlaF","Intermembrane phospholipid transport system, ATP binding subunit MlaF","K02065","P63386",NA,"L3.faa_NKBGEMCE_01500","L3","NKBGEMCE_01500"
"64","Transportation","mlaF","Intermembrane phospholipid transport system, ATP binding subunit MlaF","K02065","P63386",NA,"65.faa_NEIKCOOD_00461","65","NEIKCOOD_00461"
"65","Transportation","mlaF","Intermembrane phospholipid transport system, ATP binding subunit MlaF","K02065","P63386",NA,"66.faa_OFEJJJJC_00803","66","OFEJJJJC_00803"
"66","Transportation","mlaF","Intermembrane phospholipid transport system, ATP binding subunit MlaF","K02065","P63386",NA,"68A.faa_CFCFEACO_02925","68A","CFCFEACO_02925"
"67","Transportation","mlaF","Intermembrane phospholipid transport system, ATP binding subunit MlaF","K02065","P63386",NA,"66.faa_OFEJJJJC_05831","66","OFEJJJJC_05831"
"68","Transportation","mlaF","Intermembrane phospholipid transport system, ATP binding subunit MlaF","K02065","P63386",NA,"65.faa_NEIKCOOD_02591","65","NEIKCOOD_02591"
"69","Transportation","mlaF","Intermembrane phospholipid transport system, ATP binding subunit MlaF","K02065","P63386",NA,"L4.faa_CAEEAPJI_00673","L4","CAEEAPJI_00673"
"70","Transportation","mlaF","Intermembrane phospholipid transport system, ATP binding subunit MlaF","K02065","P63386",NA,"66.faa_OFEJJJJC_00331","66","OFEJJJJC_00331"
"71","Transportation","mlaF","Intermembrane phospholipid transport system, ATP binding subunit MlaF","K02065","P63386",NA,"L4.faa_CAEEAPJI_01849","L4","CAEEAPJI_01849"
"72","Transportation","mlaF","Intermembrane phospholipid transport system, ATP binding subunit MlaF","K02065","P63386",NA,"66.faa_OFEJJJJC_00383","66","OFEJJJJC_00383"
"73","Transportation","mlaF","Intermembrane phospholipid transport system, ATP binding subunit MlaF","K02065","P63386",NA,"68A.faa_CFCFEACO_03464","68A","CFCFEACO_03464"
"74","Transportation","mlaF","Intermembrane phospholipid transport system, ATP binding subunit MlaF","K02065","P63386",NA,"66.faa_OFEJJJJC_05286","66","OFEJJJJC_05286"
"75","Transportation","mlaF","Intermembrane phospholipid transport system, ATP binding subunit MlaF","K02065","P63386",NA,"65.faa_NEIKCOOD_03133","65","NEIKCOOD_03133"
"76","Transportation","mlaF","Intermembrane phospholipid transport system, ATP binding subunit MlaF","K02065","P63386",NA,"66.faa_OFEJJJJC_10310","66","OFEJJJJC_10310"
"77","Transportation","mlaF","Intermembrane phospholipid transport system, ATP binding subunit MlaF","K02065","P63386",NA,"L4.faa_CAEEAPJI_04039","L4","CAEEAPJI_04039"
"78","Transportation","mlaF","Intermembrane phospholipid transport system, ATP binding subunit MlaF","K02065","P63386",NA,"L4.faa_CAEEAPJI_04024","L4","CAEEAPJI_04024"
"79","Transportation","mlaF","Intermembrane phospholipid transport system, ATP binding subunit MlaF","K02065","P63386",NA,"66.faa_OFEJJJJC_08843","66","OFEJJJJC_08843"
"80","Transportation","mlaF","Intermembrane phospholipid transport system, ATP binding subunit MlaF","K02065","P63386",NA,"L4.faa_CAEEAPJI_01019","L4","CAEEAPJI_01019"
"81","Transportation","mlaF","Intermembrane phospholipid transport system, ATP binding subunit MlaF","K02065","P63386",NA,"68A.faa_CFCFEACO_01941","68A","CFCFEACO_01941"
"82","Transportation","mlaF","Intermembrane phospholipid transport system, ATP binding subunit MlaF","K02065","P63386",NA,"66.faa_OFEJJJJC_06821","66","OFEJJJJC_06821"
"83","Transportation","mlaF","Intermembrane phospholipid transport system, ATP binding subunit MlaF","K02065","P63386",NA,"65.faa_NEIKCOOD_05846","65","NEIKCOOD_05846"
"84","Transportation","mlaF","Intermembrane phospholipid transport system, ATP binding subunit MlaF","K02065","P63386",NA,"68A.faa_CFCFEACO_03259","68A","CFCFEACO_03259"
"85","Transportation","mlaF","Intermembrane phospholipid transport system, ATP binding subunit MlaF","K02065","P63386",NA,"66.faa_OFEJJJJC_05491","66","OFEJJJJC_05491"
"86","Transportation","mlaF","Intermembrane phospholipid transport system, ATP binding subunit MlaF","K02065","P63386",NA,"65.faa_NEIKCOOD_02927","65","NEIKCOOD_02927"
"87","Transportation","pqiA","Intermembrane transport protein PqiA/LetA","K03808","P0AFL9",NA,"68A.faa_CFCFEACO_02726","68A","CFCFEACO_02726"
"88","Transportation","pqiA","Intermembrane transport protein PqiA/LetA","K03808","P0AFL9",NA,"66.faa_OFEJJJJC_06034","66","OFEJJJJC_06034"
"89","Transportation","pqiA","Intermembrane transport protein PqiA/LetA","K03808","P0AFL9",NA,"65.faa_NEIKCOOD_02390","65","NEIKCOOD_02390"
"90","Transportation","pqiA","Intermembrane transport protein PqiA/LetA","K03808","P0AFL9",NA,"68A.faa_CFCFEACO_03746","68A","CFCFEACO_03746"
"91","Transportation","pqiA","Intermembrane transport protein PqiA/LetA","K03808","P0AFL9",NA,"66.faa_OFEJJJJC_05003","66","OFEJJJJC_05003"
"92","Transportation","pqiA","Intermembrane transport protein PqiA/LetA","K03808","P0AFL9",NA,"65.faa_NEIKCOOD_03411","65","NEIKCOOD_03411"
"93","Transportation","pqiB","Intermembrane transport protein PqiB/LetB","K06192","P43671",NA,"68A.faa_CFCFEACO_02727","68A","CFCFEACO_02727"
"94","Transportation","pqiB","Intermembrane transport protein PqiB/LetB","K06192","P43671",NA,"65.faa_NEIKCOOD_02391","65","NEIKCOOD_02391"
"95","Transportation","pqiB","Intermembrane transport protein PqiB/LetB","K06192","P43671",NA,"66.faa_OFEJJJJC_06033","66","OFEJJJJC_06033"
"96","Transportation","pqiB","Intermembrane transport protein PqiB/LetB","K06192","P43671",NA,"68A.faa_CFCFEACO_03747","68A","CFCFEACO_03747"
"97","Transportation","pqiB","Intermembrane transport protein PqiB/LetB","K06192","P43671",NA,"66.faa_OFEJJJJC_05002","66","OFEJJJJC_05002"
"98","Transportation","pqiB","Intermembrane transport protein PqiB/LetB","K06192","P43671",NA,"65.faa_NEIKCOOD_03412","65","NEIKCOOD_03412"
"99","Transportation","pqiC","Intermembrane transport lipoprotein PqiC","K09857","P0AB10",NA,"68A.faa_CFCFEACO_02728","68A","CFCFEACO_02728"
"100","Transportation","pqiC","Intermembrane transport lipoprotein PqiC","K09857","P0AB10",NA,"66.faa_OFEJJJJC_06032","66","OFEJJJJC_06032"
"101","Transportation","pqiC","Intermembrane transport lipoprotein PqiC","K09857","P0AB10",NA,"65.faa_NEIKCOOD_02392","65","NEIKCOOD_02392"
"102","Transportation","yebS","Membrane integrity lipid transport subunit YebS","K03808","A0AAJ5LZW3",NA,"68A.faa_CFCFEACO_03746","68A","CFCFEACO_03746"
"103","Transportation","yebS","Membrane integrity lipid transport subunit YebS","K03808","A0AAJ5LZW3",NA,"66.faa_OFEJJJJC_05003","66","OFEJJJJC_05003"
"104","Transportation","yebS","Membrane integrity lipid transport subunit YebS","K03808","A0AAJ5LZW3",NA,"65.faa_NEIKCOOD_03411","65","NEIKCOOD_03411"
"105","Transportation","yebS","Membrane integrity lipid transport subunit YebS","K03808","A0AAJ5LZW3",NA,"68A.faa_CFCFEACO_02726","68A","CFCFEACO_02726"
"106","Transportation","yebS","Membrane integrity lipid transport subunit YebS","K03808","A0AAJ5LZW3",NA,"66.faa_OFEJJJJC_06034","66","OFEJJJJC_06034"
"107","Transportation","yebS","Membrane integrity lipid transport subunit YebS","K03808","A0AAJ5LZW3",NA,"65.faa_NEIKCOOD_02390","65","NEIKCOOD_02390"
"108","Transportation","yebT","Lipid-binding membrane homeostasis protein YebT","K06192","B7LPL1",NA,"68A.faa_CFCFEACO_03747","68A","CFCFEACO_03747"
"109","Transportation","yebT","Lipid-binding membrane homeostasis protein YebT","K06192","B7LPL1",NA,"66.faa_OFEJJJJC_05002","66","OFEJJJJC_05002"
"110","Transportation","yebT","Lipid-binding membrane homeostasis protein YebT","K06192","B7LPL1",NA,"65.faa_NEIKCOOD_03412","65","NEIKCOOD_03412"
"111","Transportation","yebT","Lipid-binding membrane homeostasis protein YebT","K06192","B7LPL1",NA,"66.faa_OFEJJJJC_06033","66","OFEJJJJC_06033"
"112","Transportation","yebT","Lipid-binding membrane homeostasis protein YebT","K06192","B7LPL1",NA,"68A.faa_CFCFEACO_02727","68A","CFCFEACO_02727"
"113","Transportation","yebT","Lipid-binding membrane homeostasis protein YebT","K06192","B7LPL1",NA,"65.faa_NEIKCOOD_02391","65","NEIKCOOD_02391"
"114","Beta-oxidation","aliA","Cyclohexanecarboxylate-CoA ligase","K04116","A0A5E5P4E9","EC:6.2.1.-","L4.faa_CAEEAPJI_03637","L4","CAEEAPJI_03637"
"115","Beta-oxidation","aliA","Cyclohexanecarboxylate-CoA ligase","K04116","A0A5E5P4E9","EC:6.2.1.-","68A.faa_CFCFEACO_02376","68A","CFCFEACO_02376"
"116","Beta-oxidation","aliA","Cyclohexanecarboxylate-CoA ligase","K04116","A0A5E5P4E9","EC:6.2.1.-","66.faa_OFEJJJJC_06382","66","OFEJJJJC_06382"
"117","Beta-oxidation","aliA","Cyclohexanecarboxylate-CoA ligase","K04116","A0A5E5P4E9","EC:6.2.1.-","65.faa_NEIKCOOD_02042","65","NEIKCOOD_02042"
"118","Beta-oxidation","aliA","Cyclohexanecarboxylate-CoA ligase","K04116","A0A5E5P4E9","EC:6.2.1.-","L3.faa_NKBGEMCE_02326","L3","NKBGEMCE_02326"
"119","Beta-oxidation","aliA","Cyclohexanecarboxylate-CoA ligase","K04116","A0A5E5P4E9","EC:6.2.1.-","L4.faa_CAEEAPJI_05062","L4","CAEEAPJI_05062"
"120","Beta-oxidation","aliA","Cyclohexanecarboxylate-CoA ligase","K04116","A0A5E5P4E9","EC:6.2.1.-","66.faa_OFEJJJJC_10428","66","OFEJJJJC_10428"
"121","Beta-oxidation","aliA","Cyclohexanecarboxylate-CoA ligase","K04116","A0A5E5P4E9","EC:6.2.1.-","66.faa_OFEJJJJC_02688","66","OFEJJJJC_02688"
"122","Beta-oxidation","aliA","Cyclohexanecarboxylate-CoA ligase","K04116","A0A5E5P4E9","EC:6.2.1.-","L4.faa_CAEEAPJI_03747","L4","CAEEAPJI_03747"
"123","Beta-oxidation","aliA","Cyclohexanecarboxylate-CoA ligase","K04116","A0A5E5P4E9","EC:6.2.1.-","L4.faa_CAEEAPJI_03887","L4","CAEEAPJI_03887"
"124","Beta-oxidation","aliA","Cyclohexanecarboxylate-CoA ligase","K04116","A0A5E5P4E9","EC:6.2.1.-","68A.faa_CFCFEACO_01588","68A","CFCFEACO_01588"
"125","Beta-oxidation","aliA","Cyclohexanecarboxylate-CoA ligase","K04116","A0A5E5P4E9","EC:6.2.1.-","66.faa_OFEJJJJC_07176","66","OFEJJJJC_07176"
"126","Beta-oxidation","aliA","Cyclohexanecarboxylate-CoA ligase","K04116","A0A5E5P4E9","EC:6.2.1.-","65.faa_NEIKCOOD_05495","65","NEIKCOOD_05495"
"127","Beta-oxidation","aliA","Cyclohexanecarboxylate-CoA ligase","K04116","A0A5E5P4E9","EC:6.2.1.-","66.faa_OFEJJJJC_02242","66","OFEJJJJC_02242"
"128","Beta-oxidation","aliB","Cyclohexanecarboxyl-CoA dehydrogenase","K04117","G3XCQ3","EC:1.3.99.-","65.faa_NEIKCOOD_01363","65","NEIKCOOD_01363"
"129","Beta-oxidation","aliB","Cyclohexanecarboxyl-CoA dehydrogenase","K04117","G3XCQ3","EC:1.3.99.-","65.faa_NEIKCOOD_01554","65","NEIKCOOD_01554"
"130","Beta-oxidation","badH","2-hydroxycyclohexanecarboxyl-CoA dehydrogenase","K07535","G3XCQ5","EC:1.1.1.-","L4.faa_CAEEAPJI_02027","L4","CAEEAPJI_02027"
"131","Beta-oxidation","badH","2-hydroxycyclohexanecarboxyl-CoA dehydrogenase","K07535","G3XCQ5","EC:1.1.1.-","68A.faa_CFCFEACO_02893","68A","CFCFEACO_02893"
"132","Beta-oxidation","badH","2-hydroxycyclohexanecarboxyl-CoA dehydrogenase","K07535","G3XCQ5","EC:1.1.1.-","66.faa_OFEJJJJC_05863","66","OFEJJJJC_05863"
"133","Beta-oxidation","badH","2-hydroxycyclohexanecarboxyl-CoA dehydrogenase","K07535","G3XCQ5","EC:1.1.1.-","65.faa_NEIKCOOD_02559","65","NEIKCOOD_02559"
"134","Beta-oxidation","badH","2-hydroxycyclohexanecarboxyl-CoA dehydrogenase","K07535","G3XCQ5","EC:1.1.1.-","66.faa_OFEJJJJC_01499","66","OFEJJJJC_01499"
"135","Beta-oxidation","badH","2-hydroxycyclohexanecarboxyl-CoA dehydrogenase","K07535","G3XCQ5","EC:1.1.1.-","65.faa_NEIKCOOD_06950","65","NEIKCOOD_06950"
"136","Beta-oxidation","badH","2-hydroxycyclohexanecarboxyl-CoA dehydrogenase","K07535","G3XCQ5","EC:1.1.1.-","66.faa_OFEJJJJC_08984","66","OFEJJJJC_08984"
"137","Beta-oxidation","badH","2-hydroxycyclohexanecarboxyl-CoA dehydrogenase","K07535","G3XCQ5","EC:1.1.1.-","L4.faa_CAEEAPJI_04416","L4","CAEEAPJI_04416"
"138","Beta-oxidation","badH","2-hydroxycyclohexanecarboxyl-CoA dehydrogenase","K07535","G3XCQ5","EC:1.1.1.-","66.faa_OFEJJJJC_10162","66","OFEJJJJC_10162"
"139","Beta-oxidation","badH","2-hydroxycyclohexanecarboxyl-CoA dehydrogenase","K07535","G3XCQ5","EC:1.1.1.-","65.faa_NEIKCOOD_07850","65","NEIKCOOD_07850"
"140","Beta-oxidation","badH","2-hydroxycyclohexanecarboxyl-CoA dehydrogenase","K07535","G3XCQ5","EC:1.1.1.-","L3.faa_NKBGEMCE_01856","L3","NKBGEMCE_01856"
"141","Beta-oxidation","badH","2-hydroxycyclohexanecarboxyl-CoA dehydrogenase","K07535","G3XCQ5","EC:1.1.1.-","68A.faa_CFCFEACO_03392","68A","CFCFEACO_03392"
"142","Beta-oxidation","badH","2-hydroxycyclohexanecarboxyl-CoA dehydrogenase","K07535","G3XCQ5","EC:1.1.1.-","66.faa_OFEJJJJC_05358","66","OFEJJJJC_05358"
"143","Beta-oxidation","badH","2-hydroxycyclohexanecarboxyl-CoA dehydrogenase","K07535","G3XCQ5","EC:1.1.1.-","65.faa_NEIKCOOD_03061","65","NEIKCOOD_03061"
"144","Beta-oxidation","badH","2-hydroxycyclohexanecarboxyl-CoA dehydrogenase","K07535","G3XCQ5","EC:1.1.1.-","L4.faa_CAEEAPJI_03979","L4","CAEEAPJI_03979"
"145","Beta-oxidation","badH","2-hydroxycyclohexanecarboxyl-CoA dehydrogenase","K07535","G3XCQ5","EC:1.1.1.-","L3.faa_NKBGEMCE_00771","L3","NKBGEMCE_00771"
"146","Beta-oxidation","badH","2-hydroxycyclohexanecarboxyl-CoA dehydrogenase","K07535","G3XCQ5","EC:1.1.1.-","66.faa_OFEJJJJC_00907","66","OFEJJJJC_00907"
"147","Beta-oxidation","badH","2-hydroxycyclohexanecarboxyl-CoA dehydrogenase","K07535","G3XCQ5","EC:1.1.1.-","L3.faa_NKBGEMCE_00424","L3","NKBGEMCE_00424"
"148","Beta-oxidation","badH","2-hydroxycyclohexanecarboxyl-CoA dehydrogenase","K07535","G3XCQ5","EC:1.1.1.-","L4.faa_CAEEAPJI_04007","L4","CAEEAPJI_04007"
"149","Beta-oxidation","badH","2-hydroxycyclohexanecarboxyl-CoA dehydrogenase","K07535","G3XCQ5","EC:1.1.1.-","66.faa_OFEJJJJC_00873","66","OFEJJJJC_00873"
"150","Beta-oxidation","badH","2-hydroxycyclohexanecarboxyl-CoA dehydrogenase","K07535","G3XCQ5","EC:1.1.1.-","L4.faa_CAEEAPJI_02139","L4","CAEEAPJI_02139"
"151","Beta-oxidation","badH","2-hydroxycyclohexanecarboxyl-CoA dehydrogenase","K07535","G3XCQ5","EC:1.1.1.-","66.faa_OFEJJJJC_01328","66","OFEJJJJC_01328"
"152","Beta-oxidation","badH","2-hydroxycyclohexanecarboxyl-CoA dehydrogenase","K07535","G3XCQ5","EC:1.1.1.-","66.faa_OFEJJJJC_02723","66","OFEJJJJC_02723"
"153","Beta-oxidation","badH","2-hydroxycyclohexanecarboxyl-CoA dehydrogenase","K07535","G3XCQ5","EC:1.1.1.-","L3.faa_NKBGEMCE_00221","L3","NKBGEMCE_00221"
"154","Beta-oxidation","badH","2-hydroxycyclohexanecarboxyl-CoA dehydrogenase","K07535","G3XCQ5","EC:1.1.1.-","L4.faa_CAEEAPJI_01461","L4","CAEEAPJI_01461"
"155","Beta-oxidation","badH","2-hydroxycyclohexanecarboxyl-CoA dehydrogenase","K07535","G3XCQ5","EC:1.1.1.-","66.faa_OFEJJJJC_01371","66","OFEJJJJC_01371"
"156","Beta-oxidation","badH","2-hydroxycyclohexanecarboxyl-CoA dehydrogenase","K07535","G3XCQ5","EC:1.1.1.-","66.faa_OFEJJJJC_02343","66","OFEJJJJC_02343"
"157","Beta-oxidation","badH","2-hydroxycyclohexanecarboxyl-CoA dehydrogenase","K07535","G3XCQ5","EC:1.1.1.-","L4.faa_CAEEAPJI_02234","L4","CAEEAPJI_02234"
"158","Beta-oxidation","badH","2-hydroxycyclohexanecarboxyl-CoA dehydrogenase","K07535","G3XCQ5","EC:1.1.1.-","L3.faa_NKBGEMCE_00567","L3","NKBGEMCE_00567"
"159","Beta-oxidation","badH","2-hydroxycyclohexanecarboxyl-CoA dehydrogenase","K07535","G3XCQ5","EC:1.1.1.-","L4.faa_CAEEAPJI_00458","L4","CAEEAPJI_00458"
"160","Beta-oxidation","badH","2-hydroxycyclohexanecarboxyl-CoA dehydrogenase","K07535","G3XCQ5","EC:1.1.1.-","L4.faa_CAEEAPJI_02387","L4","CAEEAPJI_02387"
"161","Beta-oxidation","badH","2-hydroxycyclohexanecarboxyl-CoA dehydrogenase","K07535","G3XCQ5","EC:1.1.1.-","66.faa_OFEJJJJC_10152","66","OFEJJJJC_10152"
"162","Beta-oxidation","badH","2-hydroxycyclohexanecarboxyl-CoA dehydrogenase","K07535","G3XCQ5","EC:1.1.1.-","66.faa_OFEJJJJC_02377","66","OFEJJJJC_02377"
"163","Beta-oxidation","badH","2-hydroxycyclohexanecarboxyl-CoA dehydrogenase","K07535","G3XCQ5","EC:1.1.1.-","66.faa_OFEJJJJC_01653","66","OFEJJJJC_01653"
"164","Beta-oxidation","badH","2-hydroxycyclohexanecarboxyl-CoA dehydrogenase","K07535","G3XCQ5","EC:1.1.1.-","L4.faa_CAEEAPJI_03172","L4","CAEEAPJI_03172"
"165","Beta-oxidation","badH","2-hydroxycyclohexanecarboxyl-CoA dehydrogenase","K07535","G3XCQ5","EC:1.1.1.-","66.faa_OFEJJJJC_10366","66","OFEJJJJC_10366"
"166","Beta-oxidation","badH","2-hydroxycyclohexanecarboxyl-CoA dehydrogenase","K07535","G3XCQ5","EC:1.1.1.-","68A.faa_CFCFEACO_00960","68A","CFCFEACO_00960"
"167","Beta-oxidation","badH","2-hydroxycyclohexanecarboxyl-CoA dehydrogenase","K07535","G3XCQ5","EC:1.1.1.-","66.faa_OFEJJJJC_03538","66","OFEJJJJC_03538"
"168","Beta-oxidation","badH","2-hydroxycyclohexanecarboxyl-CoA dehydrogenase","K07535","G3XCQ5","EC:1.1.1.-","65.faa_NEIKCOOD_04869","65","NEIKCOOD_04869"
"169","Beta-oxidation","badH","2-hydroxycyclohexanecarboxyl-CoA dehydrogenase","K07535","G3XCQ5","EC:1.1.1.-","L4.faa_CAEEAPJI_01428","L4","CAEEAPJI_01428"
"170","Beta-oxidation","badH","2-hydroxycyclohexanecarboxyl-CoA dehydrogenase","K07535","G3XCQ5","EC:1.1.1.-","66.faa_OFEJJJJC_02102","66","OFEJJJJC_02102"
"171","Beta-oxidation","badH","2-hydroxycyclohexanecarboxyl-CoA dehydrogenase","K07535","G3XCQ5","EC:1.1.1.-","L4.faa_CAEEAPJI_04362","L4","CAEEAPJI_04362"
"172","Beta-oxidation","badH","2-hydroxycyclohexanecarboxyl-CoA dehydrogenase","K07535","G3XCQ5","EC:1.1.1.-","68A.faa_CFCFEACO_02386","68A","CFCFEACO_02386"
"173","Beta-oxidation","badH","2-hydroxycyclohexanecarboxyl-CoA dehydrogenase","K07535","G3XCQ5","EC:1.1.1.-","66.faa_OFEJJJJC_06372","66","OFEJJJJC_06372"
"174","Beta-oxidation","badH","2-hydroxycyclohexanecarboxyl-CoA dehydrogenase","K07535","G3XCQ5","EC:1.1.1.-","65.faa_NEIKCOOD_02052","65","NEIKCOOD_02052"
"175","Beta-oxidation","badH","2-hydroxycyclohexanecarboxyl-CoA dehydrogenase","K07535","G3XCQ5","EC:1.1.1.-","L3.faa_NKBGEMCE_00512","L3","NKBGEMCE_00512"
"176","Beta-oxidation","badH","2-hydroxycyclohexanecarboxyl-CoA dehydrogenase","K07535","G3XCQ5","EC:1.1.1.-","66.faa_OFEJJJJC_00295","66","OFEJJJJC_00295"
"177","Beta-oxidation","badH","2-hydroxycyclohexanecarboxyl-CoA dehydrogenase","K07535","G3XCQ5","EC:1.1.1.-","L4.faa_CAEEAPJI_03704","L4","CAEEAPJI_03704"
"178","Beta-oxidation","badH","2-hydroxycyclohexanecarboxyl-CoA dehydrogenase","K07535","G3XCQ5","EC:1.1.1.-","68A.faa_CFCFEACO_02804","68A","CFCFEACO_02804"
"179","Beta-oxidation","badH","2-hydroxycyclohexanecarboxyl-CoA dehydrogenase","K07535","G3XCQ5","EC:1.1.1.-","66.faa_OFEJJJJC_05951","66","OFEJJJJC_05951"
"180","Beta-oxidation","badH","2-hydroxycyclohexanecarboxyl-CoA dehydrogenase","K07535","G3XCQ5","EC:1.1.1.-","65.faa_NEIKCOOD_02471","65","NEIKCOOD_02471"
"181","Beta-oxidation","badH","2-hydroxycyclohexanecarboxyl-CoA dehydrogenase","K07535","G3XCQ5","EC:1.1.1.-","66.faa_OFEJJJJC_01501","66","OFEJJJJC_01501"
"182","Beta-oxidation","badH","2-hydroxycyclohexanecarboxyl-CoA dehydrogenase","K07535","G3XCQ5","EC:1.1.1.-","68A.faa_CFCFEACO_02378","68A","CFCFEACO_02378"
"183","Beta-oxidation","badH","2-hydroxycyclohexanecarboxyl-CoA dehydrogenase","K07535","G3XCQ5","EC:1.1.1.-","66.faa_OFEJJJJC_06380","66","OFEJJJJC_06380"
"184","Beta-oxidation","badH","2-hydroxycyclohexanecarboxyl-CoA dehydrogenase","K07535","G3XCQ5","EC:1.1.1.-","65.faa_NEIKCOOD_02044","65","NEIKCOOD_02044"
"185","Beta-oxidation","badI","2-ketocyclohexanecarboxyl-CoA hydrolase","K07536","G3XCR0","EC:3.1.2.-","L4.faa_CAEEAPJI_03888","L4","CAEEAPJI_03888"
"186","Beta-oxidation","badI","2-ketocyclohexanecarboxyl-CoA hydrolase","K07536","G3XCR0","EC:3.1.2.-","L3.faa_NKBGEMCE_01625","L3","NKBGEMCE_01625"
"187","Beta-oxidation","badI","2-ketocyclohexanecarboxyl-CoA hydrolase","K07536","G3XCR0","EC:3.1.2.-","68A.faa_CFCFEACO_04104","68A","CFCFEACO_04104"
"188","Beta-oxidation","badI","2-ketocyclohexanecarboxyl-CoA hydrolase","K07536","G3XCR0","EC:3.1.2.-","66.faa_OFEJJJJC_04646","66","OFEJJJJC_04646"
"189","Beta-oxidation","badI","2-ketocyclohexanecarboxyl-CoA hydrolase","K07536","G3XCR0","EC:3.1.2.-","65.faa_NEIKCOOD_03766","65","NEIKCOOD_03766"
"190","Beta-oxidation","fadD","Long-chain-fatty-acid---CoA ligase","K01897","P69451","EC:6.2.1.3","68A.faa_CFCFEACO_03718","68A","CFCFEACO_03718"
"191","Beta-oxidation","fadD","Long-chain-fatty-acid---CoA ligase","K01897","P69451","EC:6.2.1.3","66.faa_OFEJJJJC_05031","66","OFEJJJJC_05031"
"192","Beta-oxidation","fadD","Long-chain-fatty-acid---CoA ligase","K01897","P69451","EC:6.2.1.3","65.faa_NEIKCOOD_03383","65","NEIKCOOD_03383"
"193","Beta-oxidation","fadD","Long-chain-fatty-acid---CoA ligase","K01897","P69451","EC:6.2.1.3","L4.faa_CAEEAPJI_03637","L4","CAEEAPJI_03637"
"194","Beta-oxidation","fadD","Long-chain-fatty-acid---CoA ligase","K01897","P69451","EC:6.2.1.3","L4.faa_CAEEAPJI_03887","L4","CAEEAPJI_03887"
"195","Beta-oxidation","fadD","Long-chain-fatty-acid---CoA ligase","K01897","P69451","EC:6.2.1.3","L3.faa_NKBGEMCE_00568","L3","NKBGEMCE_00568"
"196","Beta-oxidation","fadD","Long-chain-fatty-acid---CoA ligase","K01897","P69451","EC:6.2.1.3","L3.faa_NKBGEMCE_02326","L3","NKBGEMCE_02326"
"197","Beta-oxidation","fadD","Long-chain-fatty-acid---CoA ligase","K01897","P69451","EC:6.2.1.3","66.faa_OFEJJJJC_02242","66","OFEJJJJC_02242"
"198","Beta-oxidation","fadD","Long-chain-fatty-acid---CoA ligase","K01897","P69451","EC:6.2.1.3","L4.faa_CAEEAPJI_03747","L4","CAEEAPJI_03747"
"199","Beta-oxidation","fadK","Acyl-CoA synthetase; medium-chain-fatty-acid--CoA ligase","K12507","P38135","EC:6.2.1.-","68A.faa_CFCFEACO_02376","68A","CFCFEACO_02376"
"200","Beta-oxidation","fadK","Acyl-CoA synthetase; medium-chain-fatty-acid--CoA ligase","K12507","P38135","EC:6.2.1.-","66.faa_OFEJJJJC_06382","66","OFEJJJJC_06382"
"201","Beta-oxidation","fadK","Acyl-CoA synthetase; medium-chain-fatty-acid--CoA ligase","K12507","P38135","EC:6.2.1.-","65.faa_NEIKCOOD_02042","65","NEIKCOOD_02042"
"202","Beta-oxidation","fadK","Acyl-CoA synthetase; medium-chain-fatty-acid--CoA ligase","K12507","P38135","EC:6.2.1.-","L4.faa_CAEEAPJI_03637","L4","CAEEAPJI_03637"
"203","Beta-oxidation","fadK","Acyl-CoA synthetase; medium-chain-fatty-acid--CoA ligase","K12507","P38135","EC:6.2.1.-","68A.faa_CFCFEACO_03718","68A","CFCFEACO_03718"
"204","Beta-oxidation","fadK","Acyl-CoA synthetase; medium-chain-fatty-acid--CoA ligase","K12507","P38135","EC:6.2.1.-","66.faa_OFEJJJJC_05031","66","OFEJJJJC_05031"
"205","Beta-oxidation","fadK","Acyl-CoA synthetase; medium-chain-fatty-acid--CoA ligase","K12507","P38135","EC:6.2.1.-","65.faa_NEIKCOOD_03383","65","NEIKCOOD_03383"
"206","Beta-oxidation","fadK","Acyl-CoA synthetase; medium-chain-fatty-acid--CoA ligase","K12507","P38135","EC:6.2.1.-","66.faa_OFEJJJJC_02688","66","OFEJJJJC_02688"
"207","Beta-oxidation","fadK","Acyl-CoA synthetase; medium-chain-fatty-acid--CoA ligase","K12507","P38135","EC:6.2.1.-","L4.faa_CAEEAPJI_03887","L4","CAEEAPJI_03887"
"208","Beta-oxidation","fadK","Acyl-CoA synthetase; medium-chain-fatty-acid--CoA ligase","K12507","P38135","EC:6.2.1.-","L3.faa_NKBGEMCE_00568","L3","NKBGEMCE_00568"
"209","Beta-oxidation","fadK","Acyl-CoA synthetase; medium-chain-fatty-acid--CoA ligase","K12507","P38135","EC:6.2.1.-","L4.faa_CAEEAPJI_05062","L4","CAEEAPJI_05062"
"210","Beta-oxidation","fadK","Acyl-CoA synthetase; medium-chain-fatty-acid--CoA ligase","K12507","P38135","EC:6.2.1.-","66.faa_OFEJJJJC_10428","66","OFEJJJJC_10428"
"211","Beta-oxidation","fadK","Acyl-CoA synthetase; medium-chain-fatty-acid--CoA ligase","K12507","P38135","EC:6.2.1.-","L4.faa_CAEEAPJI_03747","L4","CAEEAPJI_03747"
"212","Beta-oxidation","acsA","Acetyl-CoA synthetase; acetate--CoA ligase","K01907","Q4N2X3","EC:6.2.1.16","68A.faa_CFCFEACO_01588","68A","CFCFEACO_01588"
"213","Beta-oxidation","acsA","Acetyl-CoA synthetase; acetate--CoA ligase","K01907","Q4N2X3","EC:6.2.1.16","66.faa_OFEJJJJC_07176","66","OFEJJJJC_07176"
"214","Beta-oxidation","acsA","Acetyl-CoA synthetase; acetate--CoA ligase","K01907","Q4N2X3","EC:6.2.1.16","65.faa_NEIKCOOD_05495","65","NEIKCOOD_05495"
"215","Beta-oxidation","acsA","Acetyl-CoA synthetase; acetate--CoA ligase","K01907","Q4N2X3","EC:6.2.1.16","L3.faa_NKBGEMCE_02326","L3","NKBGEMCE_02326"
"216","Beta-oxidation","acsA","Acetyl-CoA synthetase; acetate--CoA ligase","K01907","Q4N2X3","EC:6.2.1.16","L4.faa_CAEEAPJI_05062","L4","CAEEAPJI_05062"
"217","Beta-oxidation","acsA","Acetyl-CoA synthetase; acetate--CoA ligase","K01907","Q4N2X3","EC:6.2.1.16","66.faa_OFEJJJJC_10428","66","OFEJJJJC_10428"
"218","Beta-oxidation","acsA","Acetyl-CoA synthetase; acetate--CoA ligase","K01907","Q4N2X3","EC:6.2.1.16","L3.faa_NKBGEMCE_00568","L3","NKBGEMCE_00568"
"219","Beta-oxidation","acsA","Acetyl-CoA synthetase; acetate--CoA ligase","K01907","Q4N2X3","EC:6.2.1.16","L4.faa_CAEEAPJI_03747","L4","CAEEAPJI_03747"
"220","Beta-oxidation","acsA","Acetyl-CoA synthetase; acetate--CoA ligase","K01907","Q4N2X3","EC:6.2.1.16","66.faa_OFEJJJJC_02688","66","OFEJJJJC_02688"
"221","Beta-oxidation","fadE","Acyl-coenzyme A dehydrogenase","K06445","Q8X7R2","EC:1.3.99.-","68A.faa_CFCFEACO_02091","68A","CFCFEACO_02091"
"222","Beta-oxidation","fadE","Acyl-coenzyme A dehydrogenase","K06445","Q8X7R2","EC:1.3.99.-","66.faa_OFEJJJJC_06671","66","OFEJJJJC_06671"
"223","Beta-oxidation","fadE","Acyl-coenzyme A dehydrogenase","K06445","Q8X7R2","EC:1.3.99.-","65.faa_NEIKCOOD_01755","65","NEIKCOOD_01755"
"224","Beta-oxidation","acdA","Acyl-CoA dehydrogenase; Acetate---CoA ligase (ADP-forming) subunit alpha","K01905","P45867","EC:6.2.1.13","65.faa_NEIKCOOD_01363","65","NEIKCOOD_01363"
"225","Beta-oxidation","acdA","Acyl-CoA dehydrogenase; Acetate---CoA ligase (ADP-forming) subunit alpha","K01905","P45867","EC:6.2.1.13","65.faa_NEIKCOOD_01554","65","NEIKCOOD_01554"
"226","Beta-oxidation","acdA","Acyl-CoA dehydrogenase; Acetate---CoA ligase (ADP-forming) subunit alpha","K01905","P45867","EC:6.2.1.13","L4.faa_CAEEAPJI_04030","L4","CAEEAPJI_04030"
"227","Beta-oxidation","acdB","Acyl-CoA dehydrogenase; Acetate---CoA ligase (ADP-forming) subunit beta","K22224","F0KKV8","EC:6.2.1.13","65.faa_NEIKCOOD_01363","65","NEIKCOOD_01363"
"228","Beta-oxidation","acdB","Acyl-CoA dehydrogenase; Acetate---CoA ligase (ADP-forming) subunit beta","K22224","F0KKV8","EC:6.2.1.13","65.faa_NEIKCOOD_01554","65","NEIKCOOD_01554"
"229","Beta-oxidation","fadJ","3-hydroxyacyl-CoA dehydrogenase / enoyl-CoA hydratase / 3-hydroxybutyryl-CoA epimerase","K01782","P77399","EC:1.1.1.35 4.2.1.17 5.1.2.3","68A.faa_CFCFEACO_04174","68A","CFCFEACO_04174"
"230","Beta-oxidation","fadJ","3-hydroxyacyl-CoA dehydrogenase / enoyl-CoA hydratase / 3-hydroxybutyryl-CoA epimerase","K01782","P77399","EC:1.1.1.35 4.2.1.17 5.1.2.3","66.faa_OFEJJJJC_04576","66","OFEJJJJC_04576"
"231","Beta-oxidation","fadJ","3-hydroxyacyl-CoA dehydrogenase / enoyl-CoA hydratase / 3-hydroxybutyryl-CoA epimerase","K01782","P77399","EC:1.1.1.35 4.2.1.17 5.1.2.3","65.faa_NEIKCOOD_03836","65","NEIKCOOD_03836"
"232","Beta-oxidation","fadJ","3-hydroxyacyl-CoA dehydrogenase / enoyl-CoA hydratase / 3-hydroxybutyryl-CoA epimerase","K01782","P77399","EC:1.1.1.35 4.2.1.17 5.1.2.3","68A.faa_CFCFEACO_01022","68A","CFCFEACO_01022"
"233","Beta-oxidation","fadJ","3-hydroxyacyl-CoA dehydrogenase / enoyl-CoA hydratase / 3-hydroxybutyryl-CoA epimerase","K01782","P77399","EC:1.1.1.35 4.2.1.17 5.1.2.3","66.faa_OFEJJJJC_03475","66","OFEJJJJC_03475"
"234","Beta-oxidation","fadJ","3-hydroxyacyl-CoA dehydrogenase / enoyl-CoA hydratase / 3-hydroxybutyryl-CoA epimerase","K01782","P77399","EC:1.1.1.35 4.2.1.17 5.1.2.3","65.faa_NEIKCOOD_04932","65","NEIKCOOD_04932"
"235","Beta-oxidation","fadJ","3-hydroxyacyl-CoA dehydrogenase / enoyl-CoA hydratase / 3-hydroxybutyryl-CoA epimerase","K01782","P77399","EC:1.1.1.35 4.2.1.17 5.1.2.3","65.faa_NEIKCOOD_01553","65","NEIKCOOD_01553"
"236","Beta-oxidation","fadJ","3-hydroxyacyl-CoA dehydrogenase / enoyl-CoA hydratase / 3-hydroxybutyryl-CoA epimerase","K01782","P77399","EC:1.1.1.35 4.2.1.17 5.1.2.3","65.faa_NEIKCOOD_01362","65","NEIKCOOD_01362"
"237","Beta-oxidation","fadJ","3-hydroxyacyl-CoA dehydrogenase / enoyl-CoA hydratase / 3-hydroxybutyryl-CoA epimerase","K01782","P77399","EC:1.1.1.35 4.2.1.17 5.1.2.3","68A.faa_CFCFEACO_03305","68A","CFCFEACO_03305"
"238","Beta-oxidation","fadJ","3-hydroxyacyl-CoA dehydrogenase / enoyl-CoA hydratase / 3-hydroxybutyryl-CoA epimerase","K01782","P77399","EC:1.1.1.35 4.2.1.17 5.1.2.3","66.faa_OFEJJJJC_05444","66","OFEJJJJC_05444"
"239","Beta-oxidation","fadJ","3-hydroxyacyl-CoA dehydrogenase / enoyl-CoA hydratase / 3-hydroxybutyryl-CoA epimerase","K01782","P77399","EC:1.1.1.35 4.2.1.17 5.1.2.3","65.faa_NEIKCOOD_02974","65","NEIKCOOD_02974"
"240","Beta-oxidation","fadJ","3-hydroxyacyl-CoA dehydrogenase / enoyl-CoA hydratase / 3-hydroxybutyryl-CoA epimerase","K01782","P77399","EC:1.1.1.35 4.2.1.17 5.1.2.3","66.faa_OFEJJJJC_08524","66","OFEJJJJC_08524"
"241","Beta-oxidation","fadB","3-hydroxyacyl-CoA dehydrogenase / enoyl-CoA hydratase / 3-hydroxybutyryl-CoA epimerase / enoyl-CoA isomerase","K01825","P21177","EC:1.1.1.35 4.2.1.17 5.1.2.3 5.3.3.8","68A.faa_CFCFEACO_01022","68A","CFCFEACO_01022"
"242","Beta-oxidation","fadB","3-hydroxyacyl-CoA dehydrogenase / enoyl-CoA hydratase / 3-hydroxybutyryl-CoA epimerase / enoyl-CoA isomerase","K01825","P21177","EC:1.1.1.35 4.2.1.17 5.1.2.3 5.3.3.8","66.faa_OFEJJJJC_03475","66","OFEJJJJC_03475"
"243","Beta-oxidation","fadB","3-hydroxyacyl-CoA dehydrogenase / enoyl-CoA hydratase / 3-hydroxybutyryl-CoA epimerase / enoyl-CoA isomerase","K01825","P21177","EC:1.1.1.35 4.2.1.17 5.1.2.3 5.3.3.8","65.faa_NEIKCOOD_04932","65","NEIKCOOD_04932"
"244","Beta-oxidation","fadB","3-hydroxyacyl-CoA dehydrogenase / enoyl-CoA hydratase / 3-hydroxybutyryl-CoA epimerase / enoyl-CoA isomerase","K01825","P21177","EC:1.1.1.35 4.2.1.17 5.1.2.3 5.3.3.8","68A.faa_CFCFEACO_04174","68A","CFCFEACO_04174"
"245","Beta-oxidation","fadB","3-hydroxyacyl-CoA dehydrogenase / enoyl-CoA hydratase / 3-hydroxybutyryl-CoA epimerase / enoyl-CoA isomerase","K01825","P21177","EC:1.1.1.35 4.2.1.17 5.1.2.3 5.3.3.8","66.faa_OFEJJJJC_04576","66","OFEJJJJC_04576"
"246","Beta-oxidation","fadB","3-hydroxyacyl-CoA dehydrogenase / enoyl-CoA hydratase / 3-hydroxybutyryl-CoA epimerase / enoyl-CoA isomerase","K01825","P21177","EC:1.1.1.35 4.2.1.17 5.1.2.3 5.3.3.8","65.faa_NEIKCOOD_03836","65","NEIKCOOD_03836"
"247","Beta-oxidation","fadB","3-hydroxyacyl-CoA dehydrogenase / enoyl-CoA hydratase / 3-hydroxybutyryl-CoA epimerase / enoyl-CoA isomerase","K01825","P21177","EC:1.1.1.35 4.2.1.17 5.1.2.3 5.3.3.8","65.faa_NEIKCOOD_01553","65","NEIKCOOD_01553"
"248","Beta-oxidation","fadB","3-hydroxyacyl-CoA dehydrogenase / enoyl-CoA hydratase / 3-hydroxybutyryl-CoA epimerase / enoyl-CoA isomerase","K01825","P21177","EC:1.1.1.35 4.2.1.17 5.1.2.3 5.3.3.8","65.faa_NEIKCOOD_01362","65","NEIKCOOD_01362"
"249","Beta-oxidation","fadB","3-hydroxyacyl-CoA dehydrogenase / enoyl-CoA hydratase / 3-hydroxybutyryl-CoA epimerase / enoyl-CoA isomerase","K01825","P21177","EC:1.1.1.35 4.2.1.17 5.1.2.3 5.3.3.8","66.faa_OFEJJJJC_08524","66","OFEJJJJC_08524"
"250","Beta-oxidation","fadB","3-hydroxyacyl-CoA dehydrogenase / enoyl-CoA hydratase / 3-hydroxybutyryl-CoA epimerase / enoyl-CoA isomerase","K01825","P21177","EC:1.1.1.35 4.2.1.17 5.1.2.3 5.3.3.8","68A.faa_CFCFEACO_03305","68A","CFCFEACO_03305"
"251","Beta-oxidation","fadB","3-hydroxyacyl-CoA dehydrogenase / enoyl-CoA hydratase / 3-hydroxybutyryl-CoA epimerase / enoyl-CoA isomerase","K01825","P21177","EC:1.1.1.35 4.2.1.17 5.1.2.3 5.3.3.8","66.faa_OFEJJJJC_05444","66","OFEJJJJC_05444"
"252","Beta-oxidation","fadB","3-hydroxyacyl-CoA dehydrogenase / enoyl-CoA hydratase / 3-hydroxybutyryl-CoA epimerase / enoyl-CoA isomerase","K01825","P21177","EC:1.1.1.35 4.2.1.17 5.1.2.3 5.3.3.8","65.faa_NEIKCOOD_02974","65","NEIKCOOD_02974"
"253","Beta-oxidation","fadB2","Enoyl-CoA hydratase","K13767","P94549","EC:4.2.1.17","65.faa_NEIKCOOD_01361","65","NEIKCOOD_01361"
"254","Beta-oxidation","fadB2","Enoyl-CoA hydratase","K13767","P94549","EC:4.2.1.17","65.faa_NEIKCOOD_01552","65","NEIKCOOD_01552"
"255","Beta-oxidation","fadB2","Enoyl-CoA hydratase","K13767","P94549","EC:4.2.1.17","68A.faa_CFCFEACO_03303","68A","CFCFEACO_03303"
"256","Beta-oxidation","fadB2","Enoyl-CoA hydratase","K13767","P94549","EC:4.2.1.17","66.faa_OFEJJJJC_05446","66","OFEJJJJC_05446"
"257","Beta-oxidation","fadB2","Enoyl-CoA hydratase","K13767","P94549","EC:4.2.1.17","65.faa_NEIKCOOD_02972","65","NEIKCOOD_02972"
"258","Beta-oxidation","fadB2","Enoyl-CoA hydratase","K13767","P94549","EC:4.2.1.17","68A.faa_CFCFEACO_04174","68A","CFCFEACO_04174"
"259","Beta-oxidation","fadB2","Enoyl-CoA hydratase","K13767","P94549","EC:4.2.1.17","66.faa_OFEJJJJC_04576","66","OFEJJJJC_04576"
"260","Beta-oxidation","fadB2","Enoyl-CoA hydratase","K13767","P94549","EC:4.2.1.17","65.faa_NEIKCOOD_03836","65","NEIKCOOD_03836"
"261","Beta-oxidation","echA","2,3-dehydroadipyl-CoA hydratase","K01692","X2KX24","EC:4.2.1.17","68A.faa_CFCFEACO_02369","68A","CFCFEACO_02369"
"262","Beta-oxidation","echA","2,3-dehydroadipyl-CoA hydratase","K01692","X2KX24","EC:4.2.1.17","66.faa_OFEJJJJC_06389","66","OFEJJJJC_06389"
"263","Beta-oxidation","echA","2,3-dehydroadipyl-CoA hydratase","K01692","X2KX24","EC:4.2.1.17","65.faa_NEIKCOOD_02035","65","NEIKCOOD_02035"
"264","Beta-oxidation","crt","Short-chain-enoyl-CoA hydratase","K01715","P52046","EC:4.2.1.17","65.faa_NEIKCOOD_01552","65","NEIKCOOD_01552"
"265","Beta-oxidation","crt","Short-chain-enoyl-CoA hydratase","K01715","P52046","EC:4.2.1.17","65.faa_NEIKCOOD_01361","65","NEIKCOOD_01361"
"266","Beta-oxidation","crt","Short-chain-enoyl-CoA hydratase","K01715","P52046","EC:4.2.1.17","68A.faa_CFCFEACO_03303","68A","CFCFEACO_03303"
"267","Beta-oxidation","crt","Short-chain-enoyl-CoA hydratase","K01715","P52046","EC:4.2.1.17","66.faa_OFEJJJJC_05446","66","OFEJJJJC_05446"
"268","Beta-oxidation","crt","Short-chain-enoyl-CoA hydratase","K01715","P52046","EC:4.2.1.17","65.faa_NEIKCOOD_02972","65","NEIKCOOD_02972"
"269","Beta-oxidation","crt","Short-chain-enoyl-CoA hydratase","K01715","P52046","EC:4.2.1.17","L4.faa_CAEEAPJI_03888","L4","CAEEAPJI_03888"
"270","Beta-oxidation","crt","Short-chain-enoyl-CoA hydratase","K01715","P52046","EC:4.2.1.17","68A.faa_CFCFEACO_01022","68A","CFCFEACO_01022"
"271","Beta-oxidation","crt","Short-chain-enoyl-CoA hydratase","K01715","P52046","EC:4.2.1.17","66.faa_OFEJJJJC_03475","66","OFEJJJJC_03475"
"272","Beta-oxidation","crt","Short-chain-enoyl-CoA hydratase","K01715","P52046","EC:4.2.1.17","65.faa_NEIKCOOD_04932","65","NEIKCOOD_04932"
"273","Beta-oxidation","crt","Short-chain-enoyl-CoA hydratase","K01715","P52046","EC:4.2.1.17","68A.faa_CFCFEACO_04104","68A","CFCFEACO_04104"
"274","Beta-oxidation","crt","Short-chain-enoyl-CoA hydratase","K01715","P52046","EC:4.2.1.17","66.faa_OFEJJJJC_04646","66","OFEJJJJC_04646"
"275","Beta-oxidation","crt","Short-chain-enoyl-CoA hydratase","K01715","P52046","EC:4.2.1.17","65.faa_NEIKCOOD_03766","65","NEIKCOOD_03766"
"276","Beta-oxidation","crt","Short-chain-enoyl-CoA hydratase","K01715","P52046","EC:4.2.1.17","L3.faa_NKBGEMCE_01625","L3","NKBGEMCE_01625"
"277","Beta-oxidation","crt","Short-chain-enoyl-CoA hydratase","K01715","P52046","EC:4.2.1.17","68A.faa_CFCFEACO_04174","68A","CFCFEACO_04174"
"278","Beta-oxidation","crt","Short-chain-enoyl-CoA hydratase","K01715","P52046","EC:4.2.1.17","66.faa_OFEJJJJC_04576","66","OFEJJJJC_04576"
"279","Beta-oxidation","crt","Short-chain-enoyl-CoA hydratase","K01715","P52046","EC:4.2.1.17","65.faa_NEIKCOOD_03836","65","NEIKCOOD_03836"
"280","Beta-oxidation","echA1","Enoyl-CoA hydratase EchA1","EC:4.2.1.17]","P96404","K01692","68A.faa_CFCFEACO_03303","68A","CFCFEACO_03303"
"281","Beta-oxidation","echA1","Enoyl-CoA hydratase EchA1","EC:4.2.1.17]","P96404","K01692","66.faa_OFEJJJJC_05446","66","OFEJJJJC_05446"
"282","Beta-oxidation","echA1","Enoyl-CoA hydratase EchA1","EC:4.2.1.17]","P96404","K01692","65.faa_NEIKCOOD_02972","65","NEIKCOOD_02972"
"283","Beta-oxidation","echA1","Enoyl-CoA hydratase EchA1","EC:4.2.1.17]","P96404","K01692","65.faa_NEIKCOOD_01552","65","NEIKCOOD_01552"
"284","Beta-oxidation","echA1","Enoyl-CoA hydratase EchA1","EC:4.2.1.17]","P96404","K01692","65.faa_NEIKCOOD_01361","65","NEIKCOOD_01361"
"285","Beta-oxidation","fadA","Acetyl-CoA acyltransferase","K00632","O32177","EC:2.3.1.16","68A.faa_CFCFEACO_01023","68A","CFCFEACO_01023"
"286","Beta-oxidation","fadA","Acetyl-CoA acyltransferase","K00632","O32177","EC:2.3.1.16","66.faa_OFEJJJJC_03474","66","OFEJJJJC_03474"
"287","Beta-oxidation","fadA","Acetyl-CoA acyltransferase","K00632","O32177","EC:2.3.1.16","65.faa_NEIKCOOD_04933","65","NEIKCOOD_04933"
"288","Beta-oxidation","fadA","Acetyl-CoA acyltransferase","K00632","O32177","EC:2.3.1.16","68A.faa_CFCFEACO_00345","68A","CFCFEACO_00345"
"289","Beta-oxidation","fadA","Acetyl-CoA acyltransferase","K00632","O32177","EC:2.3.1.16","66.faa_OFEJJJJC_04158","66","OFEJJJJC_04158"
"290","Beta-oxidation","fadA","Acetyl-CoA acyltransferase","K00632","O32177","EC:2.3.1.16","65.faa_NEIKCOOD_04252","65","NEIKCOOD_04252"
"291","Beta-oxidation","fadA","Acetyl-CoA acyltransferase","K00632","O32177","EC:2.3.1.16","68A.faa_CFCFEACO_03307","68A","CFCFEACO_03307"
"292","Beta-oxidation","fadA","Acetyl-CoA acyltransferase","K00632","O32177","EC:2.3.1.16","66.faa_OFEJJJJC_05442","66","OFEJJJJC_05442"
"293","Beta-oxidation","fadA","Acetyl-CoA acyltransferase","K00632","O32177","EC:2.3.1.16","65.faa_NEIKCOOD_02976","65","NEIKCOOD_02976"
"294","Beta-oxidation","fadA","Acetyl-CoA acyltransferase","K00632","O32177","EC:2.3.1.16","65.faa_NEIKCOOD_01360","65","NEIKCOOD_01360"
"295","Beta-oxidation","fadA","Acetyl-CoA acyltransferase","K00632","O32177","EC:2.3.1.16","65.faa_NEIKCOOD_01188","65","NEIKCOOD_01188"
"296","Beta-oxidation","fadA","Acetyl-CoA acyltransferase","K00632","O32177","EC:2.3.1.16","L3.faa_NKBGEMCE_00502","L3","NKBGEMCE_00502"
"297","Beta-oxidation","fadA","Acetyl-CoA acyltransferase","K00632","O32177","EC:2.3.1.16","66.faa_OFEJJJJC_02241","66","OFEJJJJC_02241"
"298","Beta-oxidation","fadA","Acetyl-CoA acyltransferase","K00632","O32177","EC:2.3.1.16","L3.faa_NKBGEMCE_01226","L3","NKBGEMCE_01226"
"299","Beta-oxidation","fadA","Acetyl-CoA acyltransferase","K00632","O32177","EC:2.3.1.16","68A.faa_CFCFEACO_04175","68A","CFCFEACO_04175"
"300","Beta-oxidation","fadA","Acetyl-CoA acyltransferase","K00632","O32177","EC:2.3.1.16","66.faa_OFEJJJJC_04575","66","OFEJJJJC_04575"
"301","Beta-oxidation","fadA","Acetyl-CoA acyltransferase","K00632","O32177","EC:2.3.1.16","65.faa_NEIKCOOD_03837","65","NEIKCOOD_03837"
"302","Beta-oxidation","atoB","Acetyl-CoA C-acetyltransferase","K00626","P76461","EC:2.3.1.9","68A.faa_CFCFEACO_00345","68A","CFCFEACO_00345"
"303","Beta-oxidation","atoB","Acetyl-CoA C-acetyltransferase","K00626","P76461","EC:2.3.1.9","66.faa_OFEJJJJC_04158","66","OFEJJJJC_04158"
"304","Beta-oxidation","atoB","Acetyl-CoA C-acetyltransferase","K00626","P76461","EC:2.3.1.9","65.faa_NEIKCOOD_04252","65","NEIKCOOD_04252"
"305","Beta-oxidation","atoB","Acetyl-CoA C-acetyltransferase","K00626","P76461","EC:2.3.1.9","65.faa_NEIKCOOD_01360","65","NEIKCOOD_01360"
"306","Beta-oxidation","atoB","Acetyl-CoA C-acetyltransferase","K00626","P76461","EC:2.3.1.9","65.faa_NEIKCOOD_01188","65","NEIKCOOD_01188"
"307","Beta-oxidation","atoB","Acetyl-CoA C-acetyltransferase","K00626","P76461","EC:2.3.1.9","L3.faa_NKBGEMCE_00502","L3","NKBGEMCE_00502"
"308","Beta-oxidation","atoB","Acetyl-CoA C-acetyltransferase","K00626","P76461","EC:2.3.1.9","68A.faa_CFCFEACO_03307","68A","CFCFEACO_03307"
"309","Beta-oxidation","atoB","Acetyl-CoA C-acetyltransferase","K00626","P76461","EC:2.3.1.9","66.faa_OFEJJJJC_05442","66","OFEJJJJC_05442"
"310","Beta-oxidation","atoB","Acetyl-CoA C-acetyltransferase","K00626","P76461","EC:2.3.1.9","65.faa_NEIKCOOD_02976","65","NEIKCOOD_02976"
"311","Beta-oxidation","atoB","Acetyl-CoA C-acetyltransferase","K00626","P76461","EC:2.3.1.9","68A.faa_CFCFEACO_01023","68A","CFCFEACO_01023"
"312","Beta-oxidation","atoB","Acetyl-CoA C-acetyltransferase","K00626","P76461","EC:2.3.1.9","66.faa_OFEJJJJC_03474","66","OFEJJJJC_03474"
"313","Beta-oxidation","atoB","Acetyl-CoA C-acetyltransferase","K00626","P76461","EC:2.3.1.9","65.faa_NEIKCOOD_04933","65","NEIKCOOD_04933"
"314","Beta-oxidation","atoB","Acetyl-CoA C-acetyltransferase","K00626","P76461","EC:2.3.1.9","66.faa_OFEJJJJC_02241","66","OFEJJJJC_02241"
"315","Beta-oxidation","atoB","Acetyl-CoA C-acetyltransferase","K00626","P76461","EC:2.3.1.9","68A.faa_CFCFEACO_04175","68A","CFCFEACO_04175"
"316","Beta-oxidation","atoB","Acetyl-CoA C-acetyltransferase","K00626","P76461","EC:2.3.1.9","66.faa_OFEJJJJC_04575","66","OFEJJJJC_04575"
"317","Beta-oxidation","atoB","Acetyl-CoA C-acetyltransferase","K00626","P76461","EC:2.3.1.9","65.faa_NEIKCOOD_03837","65","NEIKCOOD_03837"
"318","Beta-oxidation","atoB","Acetyl-CoA C-acetyltransferase","K00626","P76461","EC:2.3.1.9","L3.faa_NKBGEMCE_01226","L3","NKBGEMCE_01226"
"319","Phenylacetate","paaK","Phenylacetate-CoA ligase","K01912","P76085","EC:6.2.1.30","68A.faa_CFCFEACO_03308","68A","CFCFEACO_03308"
"320","Phenylacetate","paaK","Phenylacetate-CoA ligase","K01912","P76085","EC:6.2.1.30","66.faa_OFEJJJJC_05441","66","OFEJJJJC_05441"
"321","Phenylacetate","paaK","Phenylacetate-CoA ligase","K01912","P76085","EC:6.2.1.30","65.faa_NEIKCOOD_02977","65","NEIKCOOD_02977"
"322","Phenylacetate","paaA","1,2-phenylacetyl-CoA epoxidase subunit PaaA","K02609","I3RB89","EC:1.14.13.149","68A.faa_CFCFEACO_03298","68A","CFCFEACO_03298"
"323","Phenylacetate","paaA","1,2-phenylacetyl-CoA epoxidase subunit PaaA","K02609","I3RB89","EC:1.14.13.149","66.faa_OFEJJJJC_05451","66","OFEJJJJC_05451"
"324","Phenylacetate","paaA","1,2-phenylacetyl-CoA epoxidase subunit PaaA","K02609","I3RB89","EC:1.14.13.149","65.faa_NEIKCOOD_02967","65","NEIKCOOD_02967"
"325","Phenylacetate","paaB","Ring-1,2-phenylacetyl-CoA epoxidase subunit PaaB","K02610","A0A2I7GCA6",NA,"68A.faa_CFCFEACO_03299","68A","CFCFEACO_03299"
"326","Phenylacetate","paaB","Ring-1,2-phenylacetyl-CoA epoxidase subunit PaaB","K02610","A0A2I7GCA6",NA,"66.faa_OFEJJJJC_05450","66","OFEJJJJC_05450"
"327","Phenylacetate","paaB","Ring-1,2-phenylacetyl-CoA epoxidase subunit PaaB","K02610","A0A2I7GCA6",NA,"65.faa_NEIKCOOD_02968","65","NEIKCOOD_02968"
"328","Phenylacetate","paaC","1,2-phenylacetyl-CoA epoxidase subunit PaaC","K02611","A0A0E1FKE2","EC:1.14.13.149","68A.faa_CFCFEACO_03300","68A","CFCFEACO_03300"
"329","Phenylacetate","paaC","1,2-phenylacetyl-CoA epoxidase subunit PaaC","K02611","A0A0E1FKE2","EC:1.14.13.149","66.faa_OFEJJJJC_05449","66","OFEJJJJC_05449"
"330","Phenylacetate","paaC","1,2-phenylacetyl-CoA epoxidase subunit PaaC","K02611","A0A0E1FKE2","EC:1.14.13.149","65.faa_NEIKCOOD_02969","65","NEIKCOOD_02969"
"331","Phenylacetate","paaD","Ring-1,2-phenylacetyl-CoA epoxidase subunit PaaD","K02612","I2G763",NA,"68A.faa_CFCFEACO_03301","68A","CFCFEACO_03301"
"332","Phenylacetate","paaD","Ring-1,2-phenylacetyl-CoA epoxidase subunit PaaD","K02612","I2G763",NA,"66.faa_OFEJJJJC_05448","66","OFEJJJJC_05448"
"333","Phenylacetate","paaD","Ring-1,2-phenylacetyl-CoA epoxidase subunit PaaD","K02612","I2G763",NA,"65.faa_NEIKCOOD_02970","65","NEIKCOOD_02970"
"334","Phenylacetate","paaE","1,2-phenylacetyl-CoA epoxidase subunit PaaE","K02613","P76081",NA,"68A.faa_CFCFEACO_03302","68A","CFCFEACO_03302"
"335","Phenylacetate","paaE","1,2-phenylacetyl-CoA epoxidase subunit PaaE","K02613","P76081",NA,"66.faa_OFEJJJJC_05447","66","OFEJJJJC_05447"
"336","Phenylacetate","paaE","1,2-phenylacetyl-CoA epoxidase subunit PaaE","K02613","P76081",NA,"65.faa_NEIKCOOD_02971","65","NEIKCOOD_02971"
"337","Phenylacetate","paaG","Ring 1,2-epoxyphenylacetyl-CoA isomerase (oxepin-CoA forming)","K15866","P77467","EC:5.3.3.18","68A.faa_CFCFEACO_03304","68A","CFCFEACO_03304"
"338","Phenylacetate","paaG","Ring 1,2-epoxyphenylacetyl-CoA isomerase (oxepin-CoA forming)","K15866","P77467","EC:5.3.3.18","66.faa_OFEJJJJC_05445","66","OFEJJJJC_05445"
"339","Phenylacetate","paaG","Ring 1,2-epoxyphenylacetyl-CoA isomerase (oxepin-CoA forming)","K15866","P77467","EC:5.3.3.18","65.faa_NEIKCOOD_02973","65","NEIKCOOD_02973"
"340","Phenylacetate","paaG","Ring 1,2-epoxyphenylacetyl-CoA isomerase (oxepin-CoA forming)","K15866","P77467","EC:5.3.3.18","65.faa_NEIKCOOD_01361","65","NEIKCOOD_01361"
"341","Phenylacetate","paaG","Ring 1,2-epoxyphenylacetyl-CoA isomerase (oxepin-CoA forming)","K15866","P77467","EC:5.3.3.18","68A.faa_CFCFEACO_03303","68A","CFCFEACO_03303"
"342","Phenylacetate","paaG","Ring 1,2-epoxyphenylacetyl-CoA isomerase (oxepin-CoA forming)","K15866","P77467","EC:5.3.3.18","66.faa_OFEJJJJC_05446","66","OFEJJJJC_05446"
"343","Phenylacetate","paaG","Ring 1,2-epoxyphenylacetyl-CoA isomerase (oxepin-CoA forming)","K15866","P77467","EC:5.3.3.18","65.faa_NEIKCOOD_02972","65","NEIKCOOD_02972"
"344","Phenylacetate","paaG","Ring 1,2-epoxyphenylacetyl-CoA isomerase (oxepin-CoA forming)","K15866","P77467","EC:5.3.3.18","65.faa_NEIKCOOD_01552","65","NEIKCOOD_01552"
"345","Phenylacetate","paaZ","Fused 3-oxo-5,6-dehydrosuberyl-CoA semialdehyde dehydrogenase and oxepin-CoA hydrolase","K02618","P77455","C:3.3.2.12 1.2.1.91","68A.faa_CFCFEACO_03297","68A","CFCFEACO_03297"
"346","Phenylacetate","paaZ","Fused 3-oxo-5,6-dehydrosuberyl-CoA semialdehyde dehydrogenase and oxepin-CoA hydrolase","K02618","P77455","C:3.3.2.12 1.2.1.91","66.faa_OFEJJJJC_05452","66","OFEJJJJC_05452"
"347","Phenylacetate","paaZ","Fused 3-oxo-5,6-dehydrosuberyl-CoA semialdehyde dehydrogenase and oxepin-CoA hydrolase","K02618","P77455","C:3.3.2.12 1.2.1.91","65.faa_NEIKCOOD_02966","65","NEIKCOOD_02966"
"348","Phenylacetate","paaF","2,3-dehydroadipyl-CoA hydratase","K01692","P76082","EC:4.2.1.17","68A.faa_CFCFEACO_03303","68A","CFCFEACO_03303"
"349","Phenylacetate","paaF","2,3-dehydroadipyl-CoA hydratase","K01692","P76082","EC:4.2.1.17","66.faa_OFEJJJJC_05446","66","OFEJJJJC_05446"
"350","Phenylacetate","paaF","2,3-dehydroadipyl-CoA hydratase","K01692","P76082","EC:4.2.1.17","65.faa_NEIKCOOD_02972","65","NEIKCOOD_02972"
"351","Phenylacetate","paaF","2,3-dehydroadipyl-CoA hydratase","K01692","P76082","EC:4.2.1.17","65.faa_NEIKCOOD_01361","65","NEIKCOOD_01361"
"352","Phenylacetate","paaF","2,3-dehydroadipyl-CoA hydratase","K01692","P76082","EC:4.2.1.17","65.faa_NEIKCOOD_01552","65","NEIKCOOD_01552"
"353","Phenylacetate","paaF","2,3-dehydroadipyl-CoA hydratase","K01692","P76082","EC:4.2.1.17","68A.faa_CFCFEACO_03304","68A","CFCFEACO_03304"
"354","Phenylacetate","paaF","2,3-dehydroadipyl-CoA hydratase","K01692","P76082","EC:4.2.1.17","66.faa_OFEJJJJC_05445","66","OFEJJJJC_05445"
"355","Phenylacetate","paaF","2,3-dehydroadipyl-CoA hydratase","K01692","P76082","EC:4.2.1.17","65.faa_NEIKCOOD_02973","65","NEIKCOOD_02973"
"356","Phenylacetate","paaJ","3-oxo-5,6-didehydrosuberyl-CoA/3-oxoadipyl-CoA thiolase","K02615","P0C7L2","EC:2.3.1.223 2.3.1.174","68A.faa_CFCFEACO_03307","68A","CFCFEACO_03307"
"357","Phenylacetate","paaJ","3-oxo-5,6-didehydrosuberyl-CoA/3-oxoadipyl-CoA thiolase","K02615","P0C7L2","EC:2.3.1.223 2.3.1.174","66.faa_OFEJJJJC_05442","66","OFEJJJJC_05442"
"358","Phenylacetate","paaJ","3-oxo-5,6-didehydrosuberyl-CoA/3-oxoadipyl-CoA thiolase","K02615","P0C7L2","EC:2.3.1.223 2.3.1.174","65.faa_NEIKCOOD_02976","65","NEIKCOOD_02976"
"359","Phenylacetate","paaJ","3-oxo-5,6-didehydrosuberyl-CoA/3-oxoadipyl-CoA thiolase","K02615","P0C7L2","EC:2.3.1.223 2.3.1.174","68A.faa_CFCFEACO_01023","68A","CFCFEACO_01023"
"360","Phenylacetate","paaJ","3-oxo-5,6-didehydrosuberyl-CoA/3-oxoadipyl-CoA thiolase","K02615","P0C7L2","EC:2.3.1.223 2.3.1.174","66.faa_OFEJJJJC_03474","66","OFEJJJJC_03474"
"361","Phenylacetate","paaJ","3-oxo-5,6-didehydrosuberyl-CoA/3-oxoadipyl-CoA thiolase","K02615","P0C7L2","EC:2.3.1.223 2.3.1.174","65.faa_NEIKCOOD_04933","65","NEIKCOOD_04933"
"362","Phenylacetate","paaJ","3-oxo-5,6-didehydrosuberyl-CoA/3-oxoadipyl-CoA thiolase","K02615","P0C7L2","EC:2.3.1.223 2.3.1.174","65.faa_NEIKCOOD_01360","65","NEIKCOOD_01360"
"363","Phenylacetate","paaJ","3-oxo-5,6-didehydrosuberyl-CoA/3-oxoadipyl-CoA thiolase","K02615","P0C7L2","EC:2.3.1.223 2.3.1.174","65.faa_NEIKCOOD_01188","65","NEIKCOOD_01188"
"364","Phenylacetate","paaJ","3-oxo-5,6-didehydrosuberyl-CoA/3-oxoadipyl-CoA thiolase","K02615","P0C7L2","EC:2.3.1.223 2.3.1.174","68A.faa_CFCFEACO_00345","68A","CFCFEACO_00345"
"365","Phenylacetate","paaJ","3-oxo-5,6-didehydrosuberyl-CoA/3-oxoadipyl-CoA thiolase","K02615","P0C7L2","EC:2.3.1.223 2.3.1.174","66.faa_OFEJJJJC_04158","66","OFEJJJJC_04158"
"366","Phenylacetate","paaJ","3-oxo-5,6-didehydrosuberyl-CoA/3-oxoadipyl-CoA thiolase","K02615","P0C7L2","EC:2.3.1.223 2.3.1.174","65.faa_NEIKCOOD_04252","65","NEIKCOOD_04252"
"367","Phenylacetate","paaJ","3-oxo-5,6-didehydrosuberyl-CoA/3-oxoadipyl-CoA thiolase","K02615","P0C7L2","EC:2.3.1.223 2.3.1.174","66.faa_OFEJJJJC_02241","66","OFEJJJJC_02241"
"368","Phenylacetate","paaJ","3-oxo-5,6-didehydrosuberyl-CoA/3-oxoadipyl-CoA thiolase","K02615","P0C7L2","EC:2.3.1.223 2.3.1.174","L3.faa_NKBGEMCE_00502","L3","NKBGEMCE_00502"
"369","Phenylacetate","paaJ","3-oxo-5,6-didehydrosuberyl-CoA/3-oxoadipyl-CoA thiolase","K02615","P0C7L2","EC:2.3.1.223 2.3.1.174","L3.faa_NKBGEMCE_01226","L3","NKBGEMCE_01226"
"370","Phenylacetate","paaJ","3-oxo-5,6-didehydrosuberyl-CoA/3-oxoadipyl-CoA thiolase","K02615","P0C7L2","EC:2.3.1.223 2.3.1.174","68A.faa_CFCFEACO_04175","68A","CFCFEACO_04175"
"371","Phenylacetate","paaJ","3-oxo-5,6-didehydrosuberyl-CoA/3-oxoadipyl-CoA thiolase","K02615","P0C7L2","EC:2.3.1.223 2.3.1.174","66.faa_OFEJJJJC_04575","66","OFEJJJJC_04575"
"372","Phenylacetate","paaJ","3-oxo-5,6-didehydrosuberyl-CoA/3-oxoadipyl-CoA thiolase","K02615","P0C7L2","EC:2.3.1.223 2.3.1.174","65.faa_NEIKCOOD_03837","65","NEIKCOOD_03837"
"373","Phenylacetate","paaH","3-hydroxyacyl-CoA dehydrogenase PaaH","K00074","A0ABD4JZU8","EC:1.1.1.157","68A.faa_CFCFEACO_03305","68A","CFCFEACO_03305"
"374","Phenylacetate","paaH","3-hydroxyacyl-CoA dehydrogenase PaaH","K00074","A0ABD4JZU8","EC:1.1.1.157","66.faa_OFEJJJJC_05444","66","OFEJJJJC_05444"
"375","Phenylacetate","paaH","3-hydroxyacyl-CoA dehydrogenase PaaH","K00074","A0ABD4JZU8","EC:1.1.1.157","65.faa_NEIKCOOD_02974","65","NEIKCOOD_02974"
"376","Phenylacetate","paaH","3-hydroxyacyl-CoA dehydrogenase PaaH","K00074","A0ABD4JZU8","EC:1.1.1.157","65.faa_NEIKCOOD_01553","65","NEIKCOOD_01553"
"377","Phenylacetate","paaH","3-hydroxyacyl-CoA dehydrogenase PaaH","K00074","A0ABD4JZU8","EC:1.1.1.157","65.faa_NEIKCOOD_01362","65","NEIKCOOD_01362"
"378","Phenylacetate","paaH","3-hydroxyacyl-CoA dehydrogenase PaaH","K00074","A0ABD4JZU8","EC:1.1.1.157","66.faa_OFEJJJJC_08524","66","OFEJJJJC_08524"
"379","Phenylacetate","paaH","3-hydroxyacyl-CoA dehydrogenase PaaH","K00074","A0ABD4JZU8","EC:1.1.1.157","68A.faa_CFCFEACO_04174","68A","CFCFEACO_04174"
"380","Phenylacetate","paaH","3-hydroxyacyl-CoA dehydrogenase PaaH","K00074","A0ABD4JZU8","EC:1.1.1.157","66.faa_OFEJJJJC_04576","66","OFEJJJJC_04576"
"381","Phenylacetate","paaH","3-hydroxyacyl-CoA dehydrogenase PaaH","K00074","A0ABD4JZU8","EC:1.1.1.157","65.faa_NEIKCOOD_03836","65","NEIKCOOD_03836"
"382","Phenylacetate","paaH","3-hydroxyacyl-CoA dehydrogenase PaaH","K00074","A0ABD4JZU8","EC:1.1.1.157","68A.faa_CFCFEACO_01022","68A","CFCFEACO_01022"
"383","Phenylacetate","paaH","3-hydroxyacyl-CoA dehydrogenase PaaH","K00074","A0ABD4JZU8","EC:1.1.1.157","66.faa_OFEJJJJC_03475","66","OFEJJJJC_03475"
"384","Phenylacetate","paaH","3-hydroxyacyl-CoA dehydrogenase PaaH","K00074","A0ABD4JZU8","EC:1.1.1.157","65.faa_NEIKCOOD_04932","65","NEIKCOOD_04932"
"385","Phenylacetate","paaI","Hydroxyphenylacetyl-CoA thioesterase PaaI; acyl-CoA thioesterase","K02614","P76084","EC:3.1.2.-","68A.faa_CFCFEACO_03306","68A","CFCFEACO_03306"
"386","Phenylacetate","paaI","Hydroxyphenylacetyl-CoA thioesterase PaaI; acyl-CoA thioesterase","K02614","P76084","EC:3.1.2.-","66.faa_OFEJJJJC_05443","66","OFEJJJJC_05443"
"387","Phenylacetate","paaI","Hydroxyphenylacetyl-CoA thioesterase PaaI; acyl-CoA thioesterase","K02614","P76084","EC:3.1.2.-","65.faa_NEIKCOOD_02975","65","NEIKCOOD_02975"
"388","Phenylacetate","paaY","Phenylacetic acid degradation protein PaaY","K02617","P77181",NA,"68A.faa_CFCFEACO_03310","68A","CFCFEACO_03310"
"389","Phenylacetate","paaY","Phenylacetic acid degradation protein PaaY","K02617","P77181",NA,"66.faa_OFEJJJJC_05439","66","OFEJJJJC_05439"
"390","Phenylacetate","paaY","Phenylacetic acid degradation protein PaaY","K02617","P77181",NA,"65.faa_NEIKCOOD_02979","65","NEIKCOOD_02979"
"391","Phenylacetate","paaY","Phenylacetic acid degradation protein PaaY","K02617","P77181",NA,"65.faa_NEIKCOOD_06677","65","NEIKCOOD_06677"
"392","Phenylacetate","paaX","Phenylacetic acid degradation operon negative regulatory protein","K02616","P76086",NA,"68A.faa_CFCFEACO_03309","68A","CFCFEACO_03309"
"393","Phenylacetate","paaX","Phenylacetic acid degradation operon negative regulatory protein","K02616","P76086",NA,"66.faa_OFEJJJJC_05440","66","OFEJJJJC_05440"
"394","Phenylacetate","paaX","Phenylacetic acid degradation operon negative regulatory protein","K02616","P76086",NA,"65.faa_NEIKCOOD_02978","65","NEIKCOOD_02978"
"395","Naphthalene","nagAc","naphthalene 1,2-dioxygenase subunit alpha; naphthalene 1,2-dioxygenase system large oxygenase NagAc","K14579","A0AAJ5T887","EC:1.14.12.12","68A.faa_CFCFEACO_03686","68A","CFCFEACO_03686"
"396","Naphthalene","nagAc","naphthalene 1,2-dioxygenase subunit alpha; naphthalene 1,2-dioxygenase system large oxygenase NagAc","K14579","A0AAJ5T887","EC:1.14.12.12","66.faa_OFEJJJJC_05063","66","OFEJJJJC_05063"
"397","Naphthalene","nagAc","naphthalene 1,2-dioxygenase subunit alpha; naphthalene 1,2-dioxygenase system large oxygenase NagAc","K14579","A0AAJ5T887","EC:1.14.12.12","65.faa_NEIKCOOD_03351","65","NEIKCOOD_03351"
"398","Naphthalene","nagF","Salicylaldehyde dehydrogenase","K00152","P0A391","EC:1.2.1.65","L4.faa_CAEEAPJI_04326","L4","CAEEAPJI_04326"
"399","Naphthalene","nagF","Salicylaldehyde dehydrogenase","K00152","P0A391","EC:1.2.1.65","68A.faa_CFCFEACO_00737","68A","CFCFEACO_00737"
"400","Naphthalene","nagF","Salicylaldehyde dehydrogenase","K00152","P0A391","EC:1.2.1.65","66.faa_OFEJJJJC_03762","66","OFEJJJJC_03762"
"401","Naphthalene","nagF","Salicylaldehyde dehydrogenase","K00152","P0A391","EC:1.2.1.65","65.faa_NEIKCOOD_04647","65","NEIKCOOD_04647"
"402","Naphthalene","nagF","Salicylaldehyde dehydrogenase","K00152","P0A391","EC:1.2.1.65","L4.faa_CAEEAPJI_01779","L4","CAEEAPJI_01779"
"403","Naphthalene","nagF","Salicylaldehyde dehydrogenase","K00152","P0A391","EC:1.2.1.65","L4.faa_CAEEAPJI_04562","L4","CAEEAPJI_04562"
"404","Naphthalene","nagF","Salicylaldehyde dehydrogenase","K00152","P0A391","EC:1.2.1.65","L3.faa_NKBGEMCE_00575","L3","NKBGEMCE_00575"
"405","Naphthalene","nagF","Salicylaldehyde dehydrogenase","K00152","P0A391","EC:1.2.1.65","L4.faa_CAEEAPJI_00394","L4","CAEEAPJI_00394"
"406","Naphthalene","nagF","Salicylaldehyde dehydrogenase","K00152","P0A391","EC:1.2.1.65","L3.faa_NKBGEMCE_00100","L3","NKBGEMCE_00100"
"407","Naphthalene","nagF","Salicylaldehyde dehydrogenase","K00152","P0A391","EC:1.2.1.65","68A.faa_CFCFEACO_03295","68A","CFCFEACO_03295"
"408","Naphthalene","nagF","Salicylaldehyde dehydrogenase","K00152","P0A391","EC:1.2.1.65","66.faa_OFEJJJJC_05454","66","OFEJJJJC_05454"
"409","Naphthalene","nagF","Salicylaldehyde dehydrogenase","K00152","P0A391","EC:1.2.1.65","65.faa_NEIKCOOD_02964","65","NEIKCOOD_02964"
"410","Naphthalene","nagF","Salicylaldehyde dehydrogenase","K00152","P0A391","EC:1.2.1.65","68A.faa_CFCFEACO_03320","68A","CFCFEACO_03320"
"411","Naphthalene","nagF","Salicylaldehyde dehydrogenase","K00152","P0A391","EC:1.2.1.65","66.faa_OFEJJJJC_05430","66","OFEJJJJC_05430"
"412","Naphthalene","nagF","Salicylaldehyde dehydrogenase","K00152","P0A391","EC:1.2.1.65","65.faa_NEIKCOOD_02989","65","NEIKCOOD_02989"
"413","Naphthalene","nagF","Salicylaldehyde dehydrogenase","K00152","P0A391","EC:1.2.1.65","L3.faa_NKBGEMCE_00469","L3","NKBGEMCE_00469"
"414","Naphthalene","nagF","Salicylaldehyde dehydrogenase","K00152","P0A391","EC:1.2.1.65","68A.faa_CFCFEACO_01829","68A","CFCFEACO_01829"
"415","Naphthalene","nagF","Salicylaldehyde dehydrogenase","K00152","P0A391","EC:1.2.1.65","66.faa_OFEJJJJC_06932","66","OFEJJJJC_06932"
"416","Naphthalene","nagF","Salicylaldehyde dehydrogenase","K00152","P0A391","EC:1.2.1.65","65.faa_NEIKCOOD_05735","65","NEIKCOOD_05735"
"417","Naphthalene","nagF","Salicylaldehyde dehydrogenase","K00152","P0A391","EC:1.2.1.65","L3.faa_NKBGEMCE_00974","L3","NKBGEMCE_00974"
"418","Naphthalene","nagF","Salicylaldehyde dehydrogenase","K00152","P0A391","EC:1.2.1.65","L3.faa_NKBGEMCE_00767","L3","NKBGEMCE_00767"
"419","Naphthalene","nagF","Salicylaldehyde dehydrogenase","K00152","P0A391","EC:1.2.1.65","68A.faa_CFCFEACO_03371","68A","CFCFEACO_03371"
"420","Naphthalene","nagF","Salicylaldehyde dehydrogenase","K00152","P0A391","EC:1.2.1.65","66.faa_OFEJJJJC_05379","66","OFEJJJJC_05379"
"421","Naphthalene","nagF","Salicylaldehyde dehydrogenase","K00152","P0A391","EC:1.2.1.65","65.faa_NEIKCOOD_03040","65","NEIKCOOD_03040"
"422","Naphthalene","nagF","Salicylaldehyde dehydrogenase","K00152","P0A391","EC:1.2.1.65","68A.faa_CFCFEACO_01383","68A","CFCFEACO_01383"
"423","Naphthalene","nagF","Salicylaldehyde dehydrogenase","K00152","P0A391","EC:1.2.1.65","66.faa_OFEJJJJC_07381","66","OFEJJJJC_07381"
"424","Naphthalene","nagF","Salicylaldehyde dehydrogenase","K00152","P0A391","EC:1.2.1.65","65.faa_NEIKCOOD_05290","65","NEIKCOOD_05290"
"425","Naphthalene","nagF","Salicylaldehyde dehydrogenase","K00152","P0A391","EC:1.2.1.65","68A.faa_CFCFEACO_01816","68A","CFCFEACO_01816"
"426","Naphthalene","nagF","Salicylaldehyde dehydrogenase","K00152","P0A391","EC:1.2.1.65","66.faa_OFEJJJJC_06946","66","OFEJJJJC_06946"
"427","Naphthalene","nagF","Salicylaldehyde dehydrogenase","K00152","P0A391","EC:1.2.1.65","65.faa_NEIKCOOD_05721","65","NEIKCOOD_05721"
"428","Naphthalene","nagF","Salicylaldehyde dehydrogenase","K00152","P0A391","EC:1.2.1.65","68A.faa_CFCFEACO_03501","68A","CFCFEACO_03501"
"429","Naphthalene","nagF","Salicylaldehyde dehydrogenase","K00152","P0A391","EC:1.2.1.65","66.faa_OFEJJJJC_05249","66","OFEJJJJC_05249"
"430","Naphthalene","nagF","Salicylaldehyde dehydrogenase","K00152","P0A391","EC:1.2.1.65","65.faa_NEIKCOOD_03168","65","NEIKCOOD_03168"
"431","Naphthalene","nagF","Salicylaldehyde dehydrogenase","K00152","P0A391","EC:1.2.1.65","L3.faa_NKBGEMCE_00464","L3","NKBGEMCE_00464"
"432","Naphthalene","nagF","Salicylaldehyde dehydrogenase","K00152","P0A391","EC:1.2.1.65","L4.faa_CAEEAPJI_04112","L4","CAEEAPJI_04112"
"433","Naphthalene","nagF","Salicylaldehyde dehydrogenase","K00152","P0A391","EC:1.2.1.65","L3.faa_NKBGEMCE_00510","L3","NKBGEMCE_00510"
"434","Naphthalene","nagF","Salicylaldehyde dehydrogenase","K00152","P0A391","EC:1.2.1.65","66.faa_OFEJJJJC_00778","66","OFEJJJJC_00778"
"435","Naphthalene","nagF","Salicylaldehyde dehydrogenase","K00152","P0A391","EC:1.2.1.65","L4.faa_CAEEAPJI_04869","L4","CAEEAPJI_04869"
"436","Naphthalene","nagF","Salicylaldehyde dehydrogenase","K00152","P0A391","EC:1.2.1.65","68A.faa_CFCFEACO_02984","68A","CFCFEACO_02984"
"437","Naphthalene","nagF","Salicylaldehyde dehydrogenase","K00152","P0A391","EC:1.2.1.65","66.faa_OFEJJJJC_05773","66","OFEJJJJC_05773"
"438","Naphthalene","nagF","Salicylaldehyde dehydrogenase","K00152","P0A391","EC:1.2.1.65","65.faa_NEIKCOOD_02649","65","NEIKCOOD_02649"
"439","Naphthalene","nagF","Salicylaldehyde dehydrogenase","K00152","P0A391","EC:1.2.1.65","L3.faa_NKBGEMCE_02516","L3","NKBGEMCE_02516"
"440","Naphthalene","nagG","Salicylate 5-hydroxylase, large oxygenase component; salicylate 5-hydroxylase large subunit","K18242","A0AAJ5T8A0","EC:1.14.13.172","68A.faa_CFCFEACO_03686","68A","CFCFEACO_03686"
"441","Naphthalene","nagG","Salicylate 5-hydroxylase, large oxygenase component; salicylate 5-hydroxylase large subunit","K18242","A0AAJ5T8A0","EC:1.14.13.172","66.faa_OFEJJJJC_05063","66","OFEJJJJC_05063"
"442","Naphthalene","nagG","Salicylate 5-hydroxylase, large oxygenase component; salicylate 5-hydroxylase large subunit","K18242","A0AAJ5T8A0","EC:1.14.13.172","65.faa_NEIKCOOD_03351","65","NEIKCOOD_03351"
"443","Naphthalene","nagR","HTH-type transcriptional activator NagR; naphthalene degradation transcriptional regulator NagR",NA,"Q9EXL7",NA,"68A.faa_CFCFEACO_00354","68A","CFCFEACO_00354"
"444","Naphthalene","nagR","HTH-type transcriptional activator NagR; naphthalene degradation transcriptional regulator NagR",NA,"Q9EXL7",NA,"66.faa_OFEJJJJC_04149","66","OFEJJJJC_04149"
"445","Naphthalene","nagR","HTH-type transcriptional activator NagR; naphthalene degradation transcriptional regulator NagR",NA,"Q9EXL7",NA,"65.faa_NEIKCOOD_04261","65","NEIKCOOD_04261"
